<?xml version="1.0" encoding="UTF-8"?>
<beans xmlns="http://www.springframework.org/schema/beans"
	xmlns:xsi="http://www.w3.org/2001/XMLSchema-instance"
	xmlns:context="http://www.springframework.org/schema/context"
	xsi:schemaLocation="http://www.springframework.org/schema/beans
        http://www.springframework.org/schema/beans/spring-beans.xsd
        http://www.springframework.org/schema/context
        http://www.springframework.org/schema/context/spring-context.xsd">

	<context:property-placeholder location="classpath:jdbc.properties"/>
	<!-- 
	<bean class="org.springframework.beans.factory.config.PropertyPlaceholderConfigurer">
    	<property name="locations" value="classpath:jdbc.properties"/>
	</bean>
	 -->
	
	<bean id="employeeDao" class="com.allstate.sample.employee.dao.impl.EmployeeDAOImpl" autowire="byName" />
	 
	<bean id="dataSource" class="org.springframework.jdbc.datasource.DriverManagerDataSource">
    	<property name="driverClassName" value="${jdbc.driverClassName}"/>
    	<property name="url" value="${jdbc.url}"/>
    	<property name="username" value="${jdbc.username}"/>
    	<property name="password" value="${jdbc.password}"/>
	</bean>
	
	<bean id="txManager" class="org.springframework.jdbc.datasource.DataSourceTransactionManager">
    	<property name="dataSource" ref="dataSource"/>
	</bean>

</beans>
